"HITId","HITTypeId","Title","Description","Keywords","Reward","CreationTime","MaxAssignments","RequesterAnnotation","AssignmentDurationInSeconds","AutoApprovalDelayInSeconds","Expiration","NumberOfSimilarHITs","LifetimeInSeconds","AssignmentId","WorkerId","AssignmentStatus","AcceptTime","SubmitTime","AutoApprovalTime","ApprovalTime","RejectionTime","RequesterFeedback","WorkTimeInSeconds","LifetimeApprovalRate","Last30DaysApprovalRate","Last7DaysApprovalRate","Input.filler","Answer.experimentcode","Answer.surveycode","Approve","Reject"
"37VUR2VJ6BZV6PDJ4RDW302MNSUC1Z","3T5H7R2NRDVL4ADFNLS5R4MSF2YWZB","Play a word guessing game.","Watch someone spell out a word by stacking lettered blocks, and guess which word they are spelling. Get bonus payment if you guess correctly!","survey, experiment, psychology, questionnaire, study, game","$2.00","Fri Dec 04 12:50:00 PST 2020","9","BatchId:4270661;OriginalHitTemplateId:920937340;","3600","259200","Fri Dec 11 12:50:00 PST 2020","","","31IBVUNM9U9LHXBLS9SN6EQTWV1FVM","A1561P9VVA3C1C","Submitted","Fri Dec 04 13:50:44 PST 2020","Fri Dec 04 14:02:32 PST 2020","Mon Dec 07 14:02:32 PST 2020","","","","708","0% (0/0)","0% (0/0)","0% (0/0)","0","1607118747929","115400"
"37VUR2VJ6BZV6PDJ4RDW302MNSUC1Z","3T5H7R2NRDVL4ADFNLS5R4MSF2YWZB","Play a word guessing game.","Watch someone spell out a word by stacking lettered blocks, and guess which word they are spelling. Get bonus payment if you guess correctly!","survey, experiment, psychology, questionnaire, study, game","$2.00","Fri Dec 04 12:50:00 PST 2020","9","BatchId:4270661;OriginalHitTemplateId:920937340;","3600","259200","Fri Dec 11 12:50:00 PST 2020","","","3KWTYT0872DQJV628TD8XT1EG3L5LA","A2S64AUN7JI7ZS","Submitted","Fri Dec 04 12:50:07 PST 2020","Fri Dec 04 13:26:56 PST 2020","Mon Dec 07 13:26:56 PST 2020","","","","2209","100% (2/2)","0% (0/0)","0% (0/0)","0","1607116558958","715401"
"37VUR2VJ6BZV6PDJ4RDW302MNSUC1Z","3T5H7R2NRDVL4ADFNLS5R4MSF2YWZB","Play a word guessing game.","Watch someone spell out a word by stacking lettered blocks, and guess which word they are spelling. Get bonus payment if you guess correctly!","survey, experiment, psychology, questionnaire, study, game","$2.00","Fri Dec 04 12:50:00 PST 2020","9","BatchId:4270661;OriginalHitTemplateId:920937340;","3600","259200","Fri Dec 11 12:50:00 PST 2020","","","3JRJSWSMQJV9ZA96DO2B51DATATE36","A31R560IXODLDC","Submitted","Fri Dec 04 13:07:58 PST 2020","Fri Dec 04 13:16:24 PST 2020","Mon Dec 07 13:16:24 PST 2020","","","","506","0% (0/0)","0% (0/0)","0% (0/0)","0","1607116125693","136064"
"37VUR2VJ6BZV6PDJ4RDW302MNSUC1Z","3T5H7R2NRDVL4ADFNLS5R4MSF2YWZB","Play a word guessing game.","Watch someone spell out a word by stacking lettered blocks, and guess which word they are spelling. Get bonus payment if you guess correctly!","survey, experiment, psychology, questionnaire, study, game","$2.00","Fri Dec 04 12:50:00 PST 2020","9","BatchId:4270661;OriginalHitTemplateId:920937340;","3600","259200","Fri Dec 11 12:50:00 PST 2020","","","3GNA64GUZGE1ASMF0YL4EF08Q985QZ","A34UER5ZQ5APMB","Submitted","Fri Dec 04 12:50:10 PST 2020","Fri Dec 04 13:00:34 PST 2020","Mon Dec 07 13:00:34 PST 2020","","","","624","0% (0/0)","0% (0/0)","0% (0/0)","0","1607115201867","885297"
"37VUR2VJ6BZV6PDJ4RDW302MNSUC1Z","3T5H7R2NRDVL4ADFNLS5R4MSF2YWZB","Play a word guessing game.","Watch someone spell out a word by stacking lettered blocks, and guess which word they are spelling. Get bonus payment if you guess correctly!","survey, experiment, psychology, questionnaire, study, game","$2.00","Fri Dec 04 12:50:00 PST 2020","9","BatchId:4270661;OriginalHitTemplateId:920937340;","3600","259200","Fri Dec 11 12:50:00 PST 2020","","","39U1BHVTDN1BOTR33JR64NDBWLY3T5","A3I5PDW6RSPFRG","Submitted","Fri Dec 04 15:52:20 PST 2020","Fri Dec 04 16:02:48 PST 2020","Mon Dec 07 16:02:48 PST 2020","","","","628","0% (0/0)","0% (0/0)","0% (0/0)","0","1607125963924","145237"
"37VUR2VJ6BZV6PDJ4RDW302MNSUC1Z","3T5H7R2NRDVL4ADFNLS5R4MSF2YWZB","Play a word guessing game.","Watch someone spell out a word by stacking lettered blocks, and guess which word they are spelling. Get bonus payment if you guess correctly!","survey, experiment, psychology, questionnaire, study, game","$2.00","Fri Dec 04 12:50:00 PST 2020","9","BatchId:4270661;OriginalHitTemplateId:920937340;","3600","259200","Fri Dec 11 12:50:00 PST 2020","","","3018Q3ZVOK0YSZDW891LRGQZE9BARB","A3N0QZ9ZKUCTCQ","Submitted","Fri Dec 04 14:07:32 PST 2020","Fri Dec 04 14:32:23 PST 2020","Mon Dec 07 14:32:23 PST 2020","","","","1491","0% (0/0)","0% (0/0)","0% (0/0)","0","1607120613621","595062"
"37VUR2VJ6BZV6PDJ4RDW302MNSUC1Z","3T5H7R2NRDVL4ADFNLS5R4MSF2YWZB","Play a word guessing game.","Watch someone spell out a word by stacking lettered blocks, and guess which word they are spelling. Get bonus payment if you guess correctly!","survey, experiment, psychology, questionnaire, study, game","$2.00","Fri Dec 04 12:50:00 PST 2020","9","BatchId:4270661;OriginalHitTemplateId:920937340;","3600","259200","Fri Dec 11 12:50:00 PST 2020","","","3LOTDFNYA99YWMBQIJXJSG97343FWW","AD1WGUMVD6KED","Submitted","Fri Dec 04 12:50:07 PST 2020","Fri Dec 04 13:22:35 PST 2020","Mon Dec 07 13:22:35 PST 2020","","","","1948","0% (0/0)","0% (0/0)","0% (0/0)","0","1607116484782","117670"
"37VUR2VJ6BZV6PDJ4RDW302MNSUC1Z","3T5H7R2NRDVL4ADFNLS5R4MSF2YWZB","Play a word guessing game.","Watch someone spell out a word by stacking lettered blocks, and guess which word they are spelling. Get bonus payment if you guess correctly!","survey, experiment, psychology, questionnaire, study, game","$2.00","Fri Dec 04 12:50:00 PST 2020","9","BatchId:4270661;OriginalHitTemplateId:920937340;","3600","259200","Fri Dec 11 12:50:00 PST 2020","","","3SB5N7Y3O5EB2W600WAG360F3EOG0U","APGX2WZ59OWDN","Submitted","Fri Dec 04 12:50:10 PST 2020","Fri Dec 04 13:14:26 PST 2020","Mon Dec 07 13:14:26 PST 2020","","","","1456","100% (4/4)","0% (0/0)","0% (0/0)","0","1607115985491","144378"
"37VUR2VJ6BZV6PDJ4RDW302MNSUC1Z","3T5H7R2NRDVL4ADFNLS5R4MSF2YWZB","Play a word guessing game.","Watch someone spell out a word by stacking lettered blocks, and guess which word they are spelling. Get bonus payment if you guess correctly!","survey, experiment, psychology, questionnaire, study, game","$2.00","Fri Dec 04 12:50:00 PST 2020","9","BatchId:4270661;OriginalHitTemplateId:920937340;","3600","259200","Fri Dec 11 12:50:00 PST 2020","","","3MMN5BL1W1E7BY1JUMQUI9IJ2CK3MK","AWDU600NXZ26L","Submitted","Fri Dec 04 12:50:09 PST 2020","Fri Dec 04 12:56:46 PST 2020","Mon Dec 07 12:56:46 PST 2020","","","","397","100% (2/2)","0% (0/0)","0% (0/0)","0","1607115047337","905175"
"3WRAAIUSBK9F3B1ER62CSEGZS4NXA9","3T5H7R2NRDVL4ADFNLS5R4MSF2YWZB","Play a word guessing game.","Watch someone spell out a word by stacking lettered blocks, and guess which word they are spelling. Get bonus payment if you guess correctly!","survey, experiment, psychology, questionnaire, study, game","$2.00","Fri Dec 04 12:50:00 PST 2020","9","BatchId:4270661;OriginalHitTemplateId:920937340;","3600","259200","Fri Dec 11 12:50:00 PST 2020","","","3F0BG9B9MRXP6YRKF1HVPLH6GOJY79","A171RZ3O028XF6","Submitted","Fri Dec 04 12:50:07 PST 2020","Fri Dec 04 13:14:09 PST 2020","Mon Dec 07 13:14:09 PST 2020","","","","1442","0% (0/0)","0% (0/0)","0% (0/0)","0","1607115480159","905632"
"3WRAAIUSBK9F3B1ER62CSEGZS4NXA9","3T5H7R2NRDVL4ADFNLS5R4MSF2YWZB","Play a word guessing game.","Watch someone spell out a word by stacking lettered blocks, and guess which word they are spelling. Get bonus payment if you guess correctly!","survey, experiment, psychology, questionnaire, study, game","$2.00","Fri Dec 04 12:50:00 PST 2020","9","BatchId:4270661;OriginalHitTemplateId:920937340;","3600","259200","Fri Dec 11 12:50:00 PST 2020","","","3NG53N1RLXTZXY42YJDIQUKPN3N8PD","A191V7PT3DQKDP","Submitted","Fri Dec 04 12:50:10 PST 2020","Fri Dec 04 12:56:54 PST 2020","Mon Dec 07 12:56:54 PST 2020","","","","404","0% (0/0)","0% (0/0)","0% (0/0)","0","1607115070015","923517"
"3WRAAIUSBK9F3B1ER62CSEGZS4NXA9","3T5H7R2NRDVL4ADFNLS5R4MSF2YWZB","Play a word guessing game.","Watch someone spell out a word by stacking lettered blocks, and guess which word they are spelling. Get bonus payment if you guess correctly!","survey, experiment, psychology, questionnaire, study, game","$2.00","Fri Dec 04 12:50:00 PST 2020","9","BatchId:4270661;OriginalHitTemplateId:920937340;","3600","259200","Fri Dec 11 12:50:00 PST 2020","","","3X3OR7WPZ1A96DP46RKB9DB5ITM8LF","A1TRDA6U1XW18L","Submitted","Fri Dec 04 13:22:41 PST 2020","Fri Dec 04 13:36:21 PST 2020","Mon Dec 07 13:36:21 PST 2020","","","","820","0% (0/0)","0% (0/0)","0% (0/0)","0","1607117492816","578340"
"3WRAAIUSBK9F3B1ER62CSEGZS4NXA9","3T5H7R2NRDVL4ADFNLS5R4MSF2YWZB","Play a word guessing game.","Watch someone spell out a word by stacking lettered blocks, and guess which word they are spelling. Get bonus payment if you guess correctly!","survey, experiment, psychology, questionnaire, study, game","$2.00","Fri Dec 04 12:50:00 PST 2020","9","BatchId:4270661;OriginalHitTemplateId:920937340;","3600","259200","Fri Dec 11 12:50:00 PST 2020","","","30X31N5D650ATED9NY1QHQVV0BUASZ","A1XVEKS9O73ERE","Submitted","Fri Dec 04 12:50:08 PST 2020","Fri Dec 04 13:05:26 PST 2020","Mon Dec 07 13:05:26 PST 2020","","","","918","100% (2/2)","0% (0/0)","0% (0/0)","0","1607115116358","596970"
"3WRAAIUSBK9F3B1ER62CSEGZS4NXA9","3T5H7R2NRDVL4ADFNLS5R4MSF2YWZB","Play a word guessing game.","Watch someone spell out a word by stacking lettered blocks, and guess which word they are spelling. Get bonus payment if you guess correctly!","survey, experiment, psychology, questionnaire, study, game","$2.00","Fri Dec 04 12:50:00 PST 2020","9","BatchId:4270661;OriginalHitTemplateId:920937340;","3600","259200","Fri Dec 11 12:50:00 PST 2020","","","3OHYZ19UGEFVVMLGGHKHXLLU3MRAO2","A260X87Z3YPJR1","Submitted","Fri Dec 04 12:50:06 PST 2020","Fri Dec 04 13:04:03 PST 2020","Mon Dec 07 13:04:03 PST 2020","","","","837","0% (0/0)","0% (0/0)","0% (0/0)","0","1607115552593","172864"
"3WRAAIUSBK9F3B1ER62CSEGZS4NXA9","3T5H7R2NRDVL4ADFNLS5R4MSF2YWZB","Play a word guessing game.","Watch someone spell out a word by stacking lettered blocks, and guess which word they are spelling. Get bonus payment if you guess correctly!","survey, experiment, psychology, questionnaire, study, game","$2.00","Fri Dec 04 12:50:00 PST 2020","9","BatchId:4270661;OriginalHitTemplateId:920937340;","3600","259200","Fri Dec 11 12:50:00 PST 2020","","","30BUDKLTXF5CDPWAR7Q4KYBU76KE5W","A2BNOEYZ3VRW2R","Submitted","Fri Dec 04 12:50:10 PST 2020","Fri Dec 04 13:23:13 PST 2020","Mon Dec 07 13:23:13 PST 2020","","","","1983","100% (2/2)","0% (0/0)","0% (0/0)","0","1607115052292","391730"
"3WRAAIUSBK9F3B1ER62CSEGZS4NXA9","3T5H7R2NRDVL4ADFNLS5R4MSF2YWZB","Play a word guessing game.","Watch someone spell out a word by stacking lettered blocks, and guess which word they are spelling. Get bonus payment if you guess correctly!","survey, experiment, psychology, questionnaire, study, game","$2.00","Fri Dec 04 12:50:00 PST 2020","9","BatchId:4270661;OriginalHitTemplateId:920937340;","3600","259200","Fri Dec 11 12:50:00 PST 2020","","","3DI28L7YXCODP7VRQKOSH8YDVQFE1E","A3HQXCWOIQKT4F","Submitted","Fri Dec 04 15:10:37 PST 2020","Fri Dec 04 15:29:19 PST 2020","Mon Dec 07 15:29:19 PST 2020","","","","1122","0% (0/0)","0% (0/0)","0% (0/0)","0","1607124046234","709071"
"3WRAAIUSBK9F3B1ER62CSEGZS4NXA9","3T5H7R2NRDVL4ADFNLS5R4MSF2YWZB","Play a word guessing game.","Watch someone spell out a word by stacking lettered blocks, and guess which word they are spelling. Get bonus payment if you guess correctly!","survey, experiment, psychology, questionnaire, study, game","$2.00","Fri Dec 04 12:50:00 PST 2020","9","BatchId:4270661;OriginalHitTemplateId:920937340;","3600","259200","Fri Dec 11 12:50:00 PST 2020","","","3SKEMFQBZ5FYM77MLR8AUDYQTTH8KC","A3KXJBKUEMNZV7","Submitted","Fri Dec 04 13:50:24 PST 2020","Fri Dec 04 14:07:26 PST 2020","Mon Dec 07 14:07:26 PST 2020","","","","1022","0% (0/0)","0% (0/0)","0% (0/0)","0","1607118786567","946764"
"3WRAAIUSBK9F3B1ER62CSEGZS4NXA9","3T5H7R2NRDVL4ADFNLS5R4MSF2YWZB","Play a word guessing game.","Watch someone spell out a word by stacking lettered blocks, and guess which word they are spelling. Get bonus payment if you guess correctly!","survey, experiment, psychology, questionnaire, study, game","$2.00","Fri Dec 04 12:50:00 PST 2020","9","BatchId:4270661;OriginalHitTemplateId:920937340;","3600","259200","Fri Dec 11 12:50:00 PST 2020","","","3ATPCQ38JAK7P0PIM4TFZCJWHWPYA0","AQ6GU6IZHIFWZ","Submitted","Fri Dec 04 12:50:08 PST 2020","Fri Dec 04 13:37:04 PST 2020","Mon Dec 07 13:37:04 PST 2020","","","","2816","0% (0/0)","0% (0/0)","0% (0/0)","0","1607117474340","333831"
"3TFJJUELSIZ2VAVFNVDA8JCRFY82C6","3T5H7R2NRDVL4ADFNLS5R4MSF2YWZB","Play a word guessing game.","Watch someone spell out a word by stacking lettered blocks, and guess which word they are spelling. Get bonus payment if you guess correctly!","survey, experiment, psychology, questionnaire, study, game","$2.00","Fri Dec 04 12:50:00 PST 2020","9","BatchId:4270661;OriginalHitTemplateId:920937340;","3600","259200","Fri Dec 11 12:50:00 PST 2020","","","3180JW2OT6MKO5I2581VHEOMCEG5J8","A198MSVO1VTAT5","Submitted","Fri Dec 04 12:50:07 PST 2020","Fri Dec 04 13:40:35 PST 2020","Mon Dec 07 13:40:35 PST 2020","","","","3028","100% (2/2)","0% (0/0)","0% (0/0)","0","1607116912260","816034"
"3TFJJUELSIZ2VAVFNVDA8JCRFY82C6","3T5H7R2NRDVL4ADFNLS5R4MSF2YWZB","Play a word guessing game.","Watch someone spell out a word by stacking lettered blocks, and guess which word they are spelling. Get bonus payment if you guess correctly!","survey, experiment, psychology, questionnaire, study, game","$2.00","Fri Dec 04 12:50:00 PST 2020","9","BatchId:4270661;OriginalHitTemplateId:920937340;","3600","259200","Fri Dec 11 12:50:00 PST 2020","","","31JLPPHS2W4VB1MV7257AD7OXCZ3OZ","A1YSYI926BBOHW","Submitted","Fri Dec 04 12:50:10 PST 2020","Fri Dec 04 12:58:36 PST 2020","Mon Dec 07 12:58:36 PST 2020","","","","506","100% (2/2)","0% (0/0)","0% (0/0)","0","1607115176545","414758"
"3TFJJUELSIZ2VAVFNVDA8JCRFY82C6","3T5H7R2NRDVL4ADFNLS5R4MSF2YWZB","Play a word guessing game.","Watch someone spell out a word by stacking lettered blocks, and guess which word they are spelling. Get bonus payment if you guess correctly!","survey, experiment, psychology, questionnaire, study, game","$2.00","Fri Dec 04 12:50:00 PST 2020","9","BatchId:4270661;OriginalHitTemplateId:920937340;","3600","259200","Fri Dec 11 12:50:00 PST 2020","","","3I0BTBYZAZVBONR0U2WMA67J8AE0YC","A231KDND93GAVX","Submitted","Fri Dec 04 12:50:09 PST 2020","Fri Dec 04 13:23:37 PST 2020","Mon Dec 07 13:23:37 PST 2020","","","","2008","0% (0/0)","0% (0/0)","0% (0/0)","0","1607116335649","335891"
"3TFJJUELSIZ2VAVFNVDA8JCRFY82C6","3T5H7R2NRDVL4ADFNLS5R4MSF2YWZB","Play a word guessing game.","Watch someone spell out a word by stacking lettered blocks, and guess which word they are spelling. Get bonus payment if you guess correctly!","survey, experiment, psychology, questionnaire, study, game","$2.00","Fri Dec 04 12:50:00 PST 2020","9","BatchId:4270661;OriginalHitTemplateId:920937340;","3600","259200","Fri Dec 11 12:50:00 PST 2020","","","33IZTU6J83BMPRL2Y8T41Y6T1W8XSV","A26ST4UX73VPLW","Submitted","Fri Dec 04 13:50:44 PST 2020","Fri Dec 04 13:57:17 PST 2020","Mon Dec 07 13:57:17 PST 2020","","","","393","0% (0/0)","0% (0/0)","0% (0/0)","0","1607118686541","344110"
"3TFJJUELSIZ2VAVFNVDA8JCRFY82C6","3T5H7R2NRDVL4ADFNLS5R4MSF2YWZB","Play a word guessing game.","Watch someone spell out a word by stacking lettered blocks, and guess which word they are spelling. Get bonus payment if you guess correctly!","survey, experiment, psychology, questionnaire, study, game","$2.00","Fri Dec 04 12:50:00 PST 2020","9","BatchId:4270661;OriginalHitTemplateId:920937340;","3600","259200","Fri Dec 11 12:50:00 PST 2020","","","34Z02EIMIUNF71S6KW9N2PF4T8W0TN","A2OR46JV43TOJV","Submitted","Fri Dec 04 12:50:07 PST 2020","Fri Dec 04 13:03:17 PST 2020","Mon Dec 07 13:03:17 PST 2020","","","","790","0% (0/0)","0% (0/0)","0% (0/0)","0","1607115323722","409027"
"3TFJJUELSIZ2VAVFNVDA8JCRFY82C6","3T5H7R2NRDVL4ADFNLS5R4MSF2YWZB","Play a word guessing game.","Watch someone spell out a word by stacking lettered blocks, and guess which word they are spelling. Get bonus payment if you guess correctly!","survey, experiment, psychology, questionnaire, study, game","$2.00","Fri Dec 04 12:50:00 PST 2020","9","BatchId:4270661;OriginalHitTemplateId:920937340;","3600","259200","Fri Dec 11 12:50:00 PST 2020","","","37U1UTWH9XWK9BKHBBH7VPK4OLB8R5","A2Z6NL0CTXY0ZB","Submitted","Fri Dec 04 12:50:10 PST 2020","Fri Dec 04 13:04:20 PST 2020","Mon Dec 07 13:04:20 PST 2020","","","","850","0% (0/0)","0% (0/0)","0% (0/0)","0","1607115408614","238082"
"3TFJJUELSIZ2VAVFNVDA8JCRFY82C6","3T5H7R2NRDVL4ADFNLS5R4MSF2YWZB","Play a word guessing game.","Watch someone spell out a word by stacking lettered blocks, and guess which word they are spelling. Get bonus payment if you guess correctly!","survey, experiment, psychology, questionnaire, study, game","$2.00","Fri Dec 04 12:50:00 PST 2020","9","BatchId:4270661;OriginalHitTemplateId:920937340;","3600","259200","Fri Dec 11 12:50:00 PST 2020","","","3FQ5JJ512NYJPEUQRTXTCAOLIOGKNC","A3CH1Z6J9R38G9","Submitted","Fri Dec 04 12:50:10 PST 2020","Fri Dec 04 12:59:34 PST 2020","Mon Dec 07 12:59:34 PST 2020","","","","564","100% (1/1)","0% (0/0)","0% (0/0)","0","1607115069598","713124"
"3TFJJUELSIZ2VAVFNVDA8JCRFY82C6","3T5H7R2NRDVL4ADFNLS5R4MSF2YWZB","Play a word guessing game.","Watch someone spell out a word by stacking lettered blocks, and guess which word they are spelling. Get bonus payment if you guess correctly!","survey, experiment, psychology, questionnaire, study, game","$2.00","Fri Dec 04 12:50:00 PST 2020","9","BatchId:4270661;OriginalHitTemplateId:920937340;","3600","259200","Fri Dec 11 12:50:00 PST 2020","","","3KIBXJ1WD7417ZU2S8X6RZOQ8YLKOR","A3FGT6EU39C6S4","Submitted","Fri Dec 04 12:50:10 PST 2020","Fri Dec 04 13:20:15 PST 2020","Mon Dec 07 13:20:15 PST 2020","","","","1805","0% (0/0)","0% (0/0)","0% (0/0)","0","1607116491165","168039"
"3TFJJUELSIZ2VAVFNVDA8JCRFY82C6","3T5H7R2NRDVL4ADFNLS5R4MSF2YWZB","Play a word guessing game.","Watch someone spell out a word by stacking lettered blocks, and guess which word they are spelling. Get bonus payment if you guess correctly!","survey, experiment, psychology, questionnaire, study, game","$2.00","Fri Dec 04 12:50:00 PST 2020","9","BatchId:4270661;OriginalHitTemplateId:920937340;","3600","259200","Fri Dec 11 12:50:00 PST 2020","","","3U088ZLJVM37ZIW0F1EYP9M3X2E0WD","A3V2XCDF45VN9X","Submitted","Fri Dec 04 12:50:09 PST 2020","Fri Dec 04 12:57:10 PST 2020","Mon Dec 07 12:57:10 PST 2020","","","","421","100% (1/1)","0% (0/0)","0% (0/0)","0","1607115097420","855400"
"3FSEU3P2NSAN5W1JKII6YMJLRRQRRF","3T5H7R2NRDVL4ADFNLS5R4MSF2YWZB","Play a word guessing game.","Watch someone spell out a word by stacking lettered blocks, and guess which word they are spelling. Get bonus payment if you guess correctly!","survey, experiment, psychology, questionnaire, study, game","$2.00","Fri Dec 04 12:50:01 PST 2020","9","BatchId:4270661;OriginalHitTemplateId:920937340;","3600","259200","Fri Dec 11 12:50:01 PST 2020","","","36AHBNMV1TM5N7SU6EKHPDR22ZNDYI","A1UN1Y6PAM3J8L","Submitted","Fri Dec 04 14:06:20 PST 2020","Fri Dec 04 14:33:03 PST 2020","Mon Dec 07 14:33:03 PST 2020","","","","1603","0% (0/0)","0% (0/0)","0% (0/0)","0","1607120548427","241281"
"3FSEU3P2NSAN5W1JKII6YMJLRRQRRF","3T5H7R2NRDVL4ADFNLS5R4MSF2YWZB","Play a word guessing game.","Watch someone spell out a word by stacking lettered blocks, and guess which word they are spelling. Get bonus payment if you guess correctly!","survey, experiment, psychology, questionnaire, study, game","$2.00","Fri Dec 04 12:50:01 PST 2020","9","BatchId:4270661;OriginalHitTemplateId:920937340;","3600","259200","Fri Dec 11 12:50:01 PST 2020","","","3QILPRALQ75ZUDSPI40QM5FUNOM8NH","A1ZNRERDDZZHGW","Submitted","Fri Dec 04 12:50:09 PST 2020","Fri Dec 04 13:00:41 PST 2020","Mon Dec 07 13:00:41 PST 2020","","","","632","0% (0/0)","0% (0/0)","0% (0/0)","0","1607114805281","384970"
"3FSEU3P2NSAN5W1JKII6YMJLRRQRRF","3T5H7R2NRDVL4ADFNLS5R4MSF2YWZB","Play a word guessing game.","Watch someone spell out a word by stacking lettered blocks, and guess which word they are spelling. Get bonus payment if you guess correctly!","survey, experiment, psychology, questionnaire, study, game","$2.00","Fri Dec 04 12:50:01 PST 2020","9","BatchId:4270661;OriginalHitTemplateId:920937340;","3600","259200","Fri Dec 11 12:50:01 PST 2020","","","33M4IA01QIBAOCLPJJTZBO1XFUPXR7","A2FMEIDYEIWJA8","Submitted","Fri Dec 04 14:16:47 PST 2020","Fri Dec 04 14:26:22 PST 2020","Mon Dec 07 14:26:22 PST 2020","","","","575","0% (0/0)","0% (0/0)","0% (0/0)","0","1607120276372","868183"
"3FSEU3P2NSAN5W1JKII6YMJLRRQRRF","3T5H7R2NRDVL4ADFNLS5R4MSF2YWZB","Play a word guessing game.","Watch someone spell out a word by stacking lettered blocks, and guess which word they are spelling. Get bonus payment if you guess correctly!","survey, experiment, psychology, questionnaire, study, game","$2.00","Fri Dec 04 12:50:01 PST 2020","9","BatchId:4270661;OriginalHitTemplateId:920937340;","3600","259200","Fri Dec 11 12:50:01 PST 2020","","","3HPZF4IVNO3VIFMG6IP6579KHZAYC2","A2LVCS009DMEAT","Submitted","Fri Dec 04 15:51:28 PST 2020","Fri Dec 04 16:25:53 PST 2020","Mon Dec 07 16:25:53 PST 2020","","","","2065","100% (1/1)","0% (0/0)","0% (0/0)","0","1607126650608","407251"
"3FSEU3P2NSAN5W1JKII6YMJLRRQRRF","3T5H7R2NRDVL4ADFNLS5R4MSF2YWZB","Play a word guessing game.","Watch someone spell out a word by stacking lettered blocks, and guess which word they are spelling. Get bonus payment if you guess correctly!","survey, experiment, psychology, questionnaire, study, game","$2.00","Fri Dec 04 12:50:01 PST 2020","9","BatchId:4270661;OriginalHitTemplateId:920937340;","3600","259200","Fri Dec 11 12:50:01 PST 2020","","","339ANSOTR7CRBDJZUDK172S4WPMIKU","A2NUGRVI6IEGN7","Submitted","Fri Dec 04 12:50:09 PST 2020","Fri Dec 04 13:01:08 PST 2020","Mon Dec 07 13:01:08 PST 2020","","","","659","0% (0/0)","0% (0/0)","0% (0/0)","0","1607115041322","551682"
"3FSEU3P2NSAN5W1JKII6YMJLRRQRRF","3T5H7R2NRDVL4ADFNLS5R4MSF2YWZB","Play a word guessing game.","Watch someone spell out a word by stacking lettered blocks, and guess which word they are spelling. Get bonus payment if you guess correctly!","survey, experiment, psychology, questionnaire, study, game","$2.00","Fri Dec 04 12:50:01 PST 2020","9","BatchId:4270661;OriginalHitTemplateId:920937340;","3600","259200","Fri Dec 11 12:50:01 PST 2020","","","3A0EX8ZRNAYC8AUASITBUN32ZEAYBV","A2Y87M8V0N1M6P","Submitted","Fri Dec 04 12:50:10 PST 2020","Fri Dec 04 13:46:33 PST 2020","Mon Dec 07 13:46:33 PST 2020","","","","3383","0% (0/0)","0% (0/0)","0% (0/0)","0","1607117907163","642604"
"3FSEU3P2NSAN5W1JKII6YMJLRRQRRF","3T5H7R2NRDVL4ADFNLS5R4MSF2YWZB","Play a word guessing game.","Watch someone spell out a word by stacking lettered blocks, and guess which word they are spelling. Get bonus payment if you guess correctly!","survey, experiment, psychology, questionnaire, study, game","$2.00","Fri Dec 04 12:50:01 PST 2020","9","BatchId:4270661;OriginalHitTemplateId:920937340;","3600","259200","Fri Dec 11 12:50:01 PST 2020","","","32N49TQG3ISQL6UDHT6VSDF2ZFOAV4","A73UBWHFPAT7E","Submitted","Fri Dec 04 14:50:33 PST 2020","Fri Dec 04 15:06:42 PST 2020","Mon Dec 07 15:06:42 PST 2020","","","","969","100% (1/1)","0% (0/0)","0% (0/0)","0","1607122781893","588354"
"3FSEU3P2NSAN5W1JKII6YMJLRRQRRF","3T5H7R2NRDVL4ADFNLS5R4MSF2YWZB","Play a word guessing game.","Watch someone spell out a word by stacking lettered blocks, and guess which word they are spelling. Get bonus payment if you guess correctly!","survey, experiment, psychology, questionnaire, study, game","$2.00","Fri Dec 04 12:50:01 PST 2020","9","BatchId:4270661;OriginalHitTemplateId:920937340;","3600","259200","Fri Dec 11 12:50:01 PST 2020","","","33CID571063N5GJYUAPFIW3U27U3LI","AA4O2W236E3FW","Submitted","Fri Dec 04 12:50:09 PST 2020","Fri Dec 04 13:23:09 PST 2020","Mon Dec 07 13:23:09 PST 2020","","","","1980","0% (0/0)","0% (0/0)","0% (0/0)","0","1607116556585","377544"
"3FSEU3P2NSAN5W1JKII6YMJLRRQRRF","3T5H7R2NRDVL4ADFNLS5R4MSF2YWZB","Play a word guessing game.","Watch someone spell out a word by stacking lettered blocks, and guess which word they are spelling. Get bonus payment if you guess correctly!","survey, experiment, psychology, questionnaire, study, game","$2.00","Fri Dec 04 12:50:01 PST 2020","9","BatchId:4270661;OriginalHitTemplateId:920937340;","3600","259200","Fri Dec 11 12:50:01 PST 2020","","","32UTUBMZ7I6V4GZ5N76RNOZ8HXEVBP","AU2RMH9IZP60M","Submitted","Fri Dec 04 13:50:44 PST 2020","Fri Dec 04 14:46:31 PST 2020","Mon Dec 07 14:46:31 PST 2020","","","","3347","0% (0/0)","0% (0/0)","0% (0/0)","0","1607121550937","276671"
"3WYZV0QBFKNKML66XK28NP05AM8XB4","3T5H7R2NRDVL4ADFNLS5R4MSF2YWZB","Play a word guessing game.","Watch someone spell out a word by stacking lettered blocks, and guess which word they are spelling. Get bonus payment if you guess correctly!","survey, experiment, psychology, questionnaire, study, game","$2.00","Fri Dec 04 12:50:01 PST 2020","9","BatchId:4270661;OriginalHitTemplateId:920937340;","3600","259200","Fri Dec 11 12:50:01 PST 2020","","","3TU5ZICBRFBKXA5HYWS7QZAZSZ98Q4","A1TJ3LM4KVXNWG","Submitted","Fri Dec 04 13:45:46 PST 2020","Fri Dec 04 14:04:12 PST 2020","Mon Dec 07 14:04:12 PST 2020","","","","1106","0% (0/0)","0% (0/0)","0% (0/0)","0","1607118854103","820904"
"3WYZV0QBFKNKML66XK28NP05AM8XB4","3T5H7R2NRDVL4ADFNLS5R4MSF2YWZB","Play a word guessing game.","Watch someone spell out a word by stacking lettered blocks, and guess which word they are spelling. Get bonus payment if you guess correctly!","survey, experiment, psychology, questionnaire, study, game","$2.00","Fri Dec 04 12:50:01 PST 2020","9","BatchId:4270661;OriginalHitTemplateId:920937340;","3600","259200","Fri Dec 11 12:50:01 PST 2020","","","3JPSL1DZ5U9DD1L4F2K4IWLPDCMANN","A270HX8LH9LJ8W","Submitted","Fri Dec 04 12:50:06 PST 2020","Fri Dec 04 13:48:53 PST 2020","Mon Dec 07 13:48:53 PST 2020","","","","3527","100% (4/4)","0% (0/0)","0% (0/0)","0","1607118182890","147145"
"3WYZV0QBFKNKML66XK28NP05AM8XB4","3T5H7R2NRDVL4ADFNLS5R4MSF2YWZB","Play a word guessing game.","Watch someone spell out a word by stacking lettered blocks, and guess which word they are spelling. Get bonus payment if you guess correctly!","survey, experiment, psychology, questionnaire, study, game","$2.00","Fri Dec 04 12:50:01 PST 2020","9","BatchId:4270661;OriginalHitTemplateId:920937340;","3600","259200","Fri Dec 11 12:50:01 PST 2020","","","3EWIJTFFVQHDIIA9U1KS33F3QY9E0B","A2YHF0DPCO832L","Submitted","Fri Dec 04 12:50:08 PST 2020","Fri Dec 04 13:11:19 PST 2020","Mon Dec 07 13:11:19 PST 2020","","","","1271","0% (0/0)","0% (0/0)","0% (0/0)","0","1607115775262","414188"
"3WYZV0QBFKNKML66XK28NP05AM8XB4","3T5H7R2NRDVL4ADFNLS5R4MSF2YWZB","Play a word guessing game.","Watch someone spell out a word by stacking lettered blocks, and guess which word they are spelling. Get bonus payment if you guess correctly!","survey, experiment, psychology, questionnaire, study, game","$2.00","Fri Dec 04 12:50:01 PST 2020","9","BatchId:4270661;OriginalHitTemplateId:920937340;","3600","259200","Fri Dec 11 12:50:01 PST 2020","","","3R9WASFE21Q2QHGVT6HQRK3PK67FZM","A2YOVBJ9EXAI8W","Submitted","Fri Dec 04 12:50:09 PST 2020","Fri Dec 04 12:51:26 PST 2020","Mon Dec 07 12:51:26 PST 2020","","","","77","0% (0/0)","0% (0/0)","0% (0/0)","0","1607115018235","737718"
"3WYZV0QBFKNKML66XK28NP05AM8XB4","3T5H7R2NRDVL4ADFNLS5R4MSF2YWZB","Play a word guessing game.","Watch someone spell out a word by stacking lettered blocks, and guess which word they are spelling. Get bonus payment if you guess correctly!","survey, experiment, psychology, questionnaire, study, game","$2.00","Fri Dec 04 12:50:01 PST 2020","9","BatchId:4270661;OriginalHitTemplateId:920937340;","3600","259200","Fri Dec 11 12:50:01 PST 2020","","","3R3YRB5GRHDQ8R5DC3WQWRDJL8FAUF","A3IXWFXJC2YKU7","Submitted","Fri Dec 04 12:56:30 PST 2020","Fri Dec 04 13:02:55 PST 2020","Mon Dec 07 13:02:55 PST 2020","","","","385","0% (0/0)","0% (0/0)","0% (0/0)","0","1607115406142","426365"
"3WYZV0QBFKNKML66XK28NP05AM8XB4","3T5H7R2NRDVL4ADFNLS5R4MSF2YWZB","Play a word guessing game.","Watch someone spell out a word by stacking lettered blocks, and guess which word they are spelling. Get bonus payment if you guess correctly!","survey, experiment, psychology, questionnaire, study, game","$2.00","Fri Dec 04 12:50:01 PST 2020","9","BatchId:4270661;OriginalHitTemplateId:920937340;","3600","259200","Fri Dec 11 12:50:01 PST 2020","","","3ZAK8W07I6OU7E7VK1ZX7L16CM30UE","AKSJ3C5O3V9RB","Submitted","Fri Dec 04 12:50:07 PST 2020","Fri Dec 04 13:49:49 PST 2020","Mon Dec 07 13:49:49 PST 2020","","","","3582","100% (3/3)","0% (0/0)","0% (0/0)","0","1607117862378","974246"
"3WYZV0QBFKNKML66XK28NP05AM8XB4","3T5H7R2NRDVL4ADFNLS5R4MSF2YWZB","Play a word guessing game.","Watch someone spell out a word by stacking lettered blocks, and guess which word they are spelling. Get bonus payment if you guess correctly!","survey, experiment, psychology, questionnaire, study, game","$2.00","Fri Dec 04 12:50:01 PST 2020","9","BatchId:4270661;OriginalHitTemplateId:920937340;","3600","259200","Fri Dec 11 12:50:01 PST 2020","","","38JBBYETQQKUH6SAD27UF65G7APE4R","AMTTB8JUWRRM7","Submitted","Fri Dec 04 12:50:10 PST 2020","Fri Dec 04 13:40:26 PST 2020","Mon Dec 07 13:40:26 PST 2020","","","","3016","100% (5/5)","100% (1/1)","0% (0/0)","0","1607117830583","120399"
"3WYZV0QBFKNKML66XK28NP05AM8XB4","3T5H7R2NRDVL4ADFNLS5R4MSF2YWZB","Play a word guessing game.","Watch someone spell out a word by stacking lettered blocks, and guess which word they are spelling. Get bonus payment if you guess correctly!","survey, experiment, psychology, questionnaire, study, game","$2.00","Fri Dec 04 12:50:01 PST 2020","9","BatchId:4270661;OriginalHitTemplateId:920937340;","3600","259200","Fri Dec 11 12:50:01 PST 2020","","","336YQZE83XOAPDON85ENX6G3G8B5MC","ARYL3C6N9SVV1","Submitted","Fri Dec 04 12:50:09 PST 2020","Fri Dec 04 13:06:40 PST 2020","Mon Dec 07 13:06:40 PST 2020","","","","991","100% (1/1)","0% (0/0)","0% (0/0)","0","1607115376410","315788"
"3WYZV0QBFKNKML66XK28NP05AM8XB4","3T5H7R2NRDVL4ADFNLS5R4MSF2YWZB","Play a word guessing game.","Watch someone spell out a word by stacking lettered blocks, and guess which word they are spelling. Get bonus payment if you guess correctly!","survey, experiment, psychology, questionnaire, study, game","$2.00","Fri Dec 04 12:50:01 PST 2020","9","BatchId:4270661;OriginalHitTemplateId:920937340;","3600","259200","Fri Dec 11 12:50:01 PST 2020","","","3KOPY89HMACHAQVYRPD22HQ2YIP3JG","AZNZJN8E5C2CD","Submitted","Fri Dec 04 12:59:45 PST 2020","Fri Dec 04 13:35:07 PST 2020","Mon Dec 07 13:35:07 PST 2020","","","","2122","0% (0/0)","0% (0/0)","0% (0/0)","0","1607117440250","803402"
"3FO95NVK5DAZ6B1WZ7IBOWOHDT9RS3","3T5H7R2NRDVL4ADFNLS5R4MSF2YWZB","Play a word guessing game.","Watch someone spell out a word by stacking lettered blocks, and guess which word they are spelling. Get bonus payment if you guess correctly!","survey, experiment, psychology, questionnaire, study, game","$2.00","Fri Dec 04 12:50:01 PST 2020","9","BatchId:4270661;OriginalHitTemplateId:920937340;","3600","259200","Fri Dec 11 12:50:01 PST 2020","","","30LB5CDZNEKBTD15QOY5ODGLE4I0Z3","A15XIKX3PI7SLK","Submitted","Fri Dec 04 13:10:53 PST 2020","Fri Dec 04 13:29:17 PST 2020","Mon Dec 07 13:29:17 PST 2020","","","","1104","0% (0/0)","0% (0/0)","0% (0/0)","0","1607116920161","158721"
"3FO95NVK5DAZ6B1WZ7IBOWOHDT9RS3","3T5H7R2NRDVL4ADFNLS5R4MSF2YWZB","Play a word guessing game.","Watch someone spell out a word by stacking lettered blocks, and guess which word they are spelling. Get bonus payment if you guess correctly!","survey, experiment, psychology, questionnaire, study, game","$2.00","Fri Dec 04 12:50:01 PST 2020","9","BatchId:4270661;OriginalHitTemplateId:920937340;","3600","259200","Fri Dec 11 12:50:01 PST 2020","","","34FNN24DCOJAJUD1R82YR13APIOY5U","A1DS0M9DLHAISJ","Submitted","Fri Dec 04 12:50:06 PST 2020","Fri Dec 04 13:08:57 PST 2020","Mon Dec 07 13:08:57 PST 2020","","","","1131","0% (0/0)","0% (0/0)","0% (0/0)","0","1607115873532","759302"
"3FO95NVK5DAZ6B1WZ7IBOWOHDT9RS3","3T5H7R2NRDVL4ADFNLS5R4MSF2YWZB","Play a word guessing game.","Watch someone spell out a word by stacking lettered blocks, and guess which word they are spelling. Get bonus payment if you guess correctly!","survey, experiment, psychology, questionnaire, study, game","$2.00","Fri Dec 04 12:50:01 PST 2020","9","BatchId:4270661;OriginalHitTemplateId:920937340;","3600","259200","Fri Dec 11 12:50:01 PST 2020","","","39JEC7537WBEELRB172MY85QZIEVCW","A1LRJ4U04532TM","Submitted","Fri Dec 04 13:50:44 PST 2020","Fri Dec 04 13:59:08 PST 2020","Mon Dec 07 13:59:08 PST 2020","","","","504","100% (2/2)","0% (0/0)","0% (0/0)","0","1607118666465","165571"
"3FO95NVK5DAZ6B1WZ7IBOWOHDT9RS3","3T5H7R2NRDVL4ADFNLS5R4MSF2YWZB","Play a word guessing game.","Watch someone spell out a word by stacking lettered blocks, and guess which word they are spelling. Get bonus payment if you guess correctly!","survey, experiment, psychology, questionnaire, study, game","$2.00","Fri Dec 04 12:50:01 PST 2020","9","BatchId:4270661;OriginalHitTemplateId:920937340;","3600","259200","Fri Dec 11 12:50:01 PST 2020","","","3A9AA95ATYWGAGL00L6FEAAYLDM5P8","A1PJLZSOUQ4MIL","Submitted","Fri Dec 04 12:50:09 PST 2020","Fri Dec 04 12:58:09 PST 2020","Mon Dec 07 12:58:09 PST 2020","","","","480","0% (0/0)","0% (0/0)","0% (0/0)","0","1607115046520","350713"
"3FO95NVK5DAZ6B1WZ7IBOWOHDT9RS3","3T5H7R2NRDVL4ADFNLS5R4MSF2YWZB","Play a word guessing game.","Watch someone spell out a word by stacking lettered blocks, and guess which word they are spelling. Get bonus payment if you guess correctly!","survey, experiment, psychology, questionnaire, study, game","$2.00","Fri Dec 04 12:50:01 PST 2020","9","BatchId:4270661;OriginalHitTemplateId:920937340;","3600","259200","Fri Dec 11 12:50:01 PST 2020","","","3MB8LZR5BH3T1ER5FGHEZIKWDTGKLA","A256FHXGSY0E5D","Submitted","Fri Dec 04 12:50:10 PST 2020","Fri Dec 04 12:58:45 PST 2020","Mon Dec 07 12:58:45 PST 2020","","","","515","100% (1/1)","0% (0/0)","0% (0/0)","0","1607115037759","285669"
"3FO95NVK5DAZ6B1WZ7IBOWOHDT9RS3","3T5H7R2NRDVL4ADFNLS5R4MSF2YWZB","Play a word guessing game.","Watch someone spell out a word by stacking lettered blocks, and guess which word they are spelling. Get bonus payment if you guess correctly!","survey, experiment, psychology, questionnaire, study, game","$2.00","Fri Dec 04 12:50:01 PST 2020","9","BatchId:4270661;OriginalHitTemplateId:920937340;","3600","259200","Fri Dec 11 12:50:01 PST 2020","","","3OWEPKL08BMVUZN68Z8K85JZC4M7NZ","A2W7EAI9JLWETV","Submitted","Fri Dec 04 13:50:44 PST 2020","Fri Dec 04 14:41:04 PST 2020","Mon Dec 07 14:41:04 PST 2020","","","","3020","0% (0/0)","0% (0/0)","0% (0/0)","0","1607121165107","159865"
"3FO95NVK5DAZ6B1WZ7IBOWOHDT9RS3","3T5H7R2NRDVL4ADFNLS5R4MSF2YWZB","Play a word guessing game.","Watch someone spell out a word by stacking lettered blocks, and guess which word they are spelling. Get bonus payment if you guess correctly!","survey, experiment, psychology, questionnaire, study, game","$2.00","Fri Dec 04 12:50:01 PST 2020","9","BatchId:4270661;OriginalHitTemplateId:920937340;","3600","259200","Fri Dec 11 12:50:01 PST 2020","","","3DBQWDE4Y88G7V9NK6TNAL53LYL5NC","AEF74ZYJTTEIA","Submitted","Fri Dec 04 12:50:51 PST 2020","Fri Dec 04 13:05:41 PST 2020","Mon Dec 07 13:05:41 PST 2020","","","","890","0% (0/0)","0% (0/0)","0% (0/0)","0","1607115665561","662574"
"3FO95NVK5DAZ6B1WZ7IBOWOHDT9RS3","3T5H7R2NRDVL4ADFNLS5R4MSF2YWZB","Play a word guessing game.","Watch someone spell out a word by stacking lettered blocks, and guess which word they are spelling. Get bonus payment if you guess correctly!","survey, experiment, psychology, questionnaire, study, game","$2.00","Fri Dec 04 12:50:01 PST 2020","9","BatchId:4270661;OriginalHitTemplateId:920937340;","3600","259200","Fri Dec 11 12:50:01 PST 2020","","","38SKSKU7R372VJ1HFDW2M25JLPRILX","AFM65NU0UXIGP","Submitted","Fri Dec 04 12:50:09 PST 2020","Fri Dec 04 12:58:17 PST 2020","Mon Dec 07 12:58:17 PST 2020","","","","488","100% (7/7)","100% (1/1)","0% (0/0)","0","1607115035927","399403"
"3FO95NVK5DAZ6B1WZ7IBOWOHDT9RS3","3T5H7R2NRDVL4ADFNLS5R4MSF2YWZB","Play a word guessing game.","Watch someone spell out a word by stacking lettered blocks, and guess which word they are spelling. Get bonus payment if you guess correctly!","survey, experiment, psychology, questionnaire, study, game","$2.00","Fri Dec 04 12:50:01 PST 2020","9","BatchId:4270661;OriginalHitTemplateId:920937340;","3600","259200","Fri Dec 11 12:50:01 PST 2020","","","3OVHNO1VE8B5SX2Z20M03K048TRDZ9","ALYR5CI2SM2JC","Submitted","Fri Dec 04 12:50:06 PST 2020","Fri Dec 04 13:04:16 PST 2020","Mon Dec 07 13:04:16 PST 2020","","","","850","0% (0/0)","0% (0/0)","0% (0/0)","0","1607115535126","339737"
"3ZXNP4Z39SV2KFMR6KN47TJMKN87L7","3T5H7R2NRDVL4ADFNLS5R4MSF2YWZB","Play a word guessing game.","Watch someone spell out a word by stacking lettered blocks, and guess which word they are spelling. Get bonus payment if you guess correctly!","survey, experiment, psychology, questionnaire, study, game","$2.00","Fri Dec 04 12:50:01 PST 2020","9","BatchId:4270661;OriginalHitTemplateId:920937340;","3600","259200","Fri Dec 11 12:50:01 PST 2020","","","30IQTZXKAMGMOI1QP6AKRS0A64K0X6","A237PUN7791D62","Submitted","Fri Dec 04 13:11:03 PST 2020","Fri Dec 04 13:29:04 PST 2020","Mon Dec 07 13:29:04 PST 2020","","","","1081","0% (0/0)","0% (0/0)","0% (0/0)","0","1607116319376","775897"
"3ZXNP4Z39SV2KFMR6KN47TJMKN87L7","3T5H7R2NRDVL4ADFNLS5R4MSF2YWZB","Play a word guessing game.","Watch someone spell out a word by stacking lettered blocks, and guess which word they are spelling. Get bonus payment if you guess correctly!","survey, experiment, psychology, questionnaire, study, game","$2.00","Fri Dec 04 12:50:01 PST 2020","9","BatchId:4270661;OriginalHitTemplateId:920937340;","3600","259200","Fri Dec 11 12:50:01 PST 2020","","","3Z2R0DQ0JJOKESDN9OO6MR8INWTE2V","A2BUHMLNE3LUU0","Submitted","Fri Dec 04 12:50:09 PST 2020","Fri Dec 04 13:12:32 PST 2020","Mon Dec 07 13:12:32 PST 2020","","","","1343","0% (0/0)","0% (0/0)","0% (0/0)","0","1607115664898","724294"
"3ZXNP4Z39SV2KFMR6KN47TJMKN87L7","3T5H7R2NRDVL4ADFNLS5R4MSF2YWZB","Play a word guessing game.","Watch someone spell out a word by stacking lettered blocks, and guess which word they are spelling. Get bonus payment if you guess correctly!","survey, experiment, psychology, questionnaire, study, game","$2.00","Fri Dec 04 12:50:01 PST 2020","9","BatchId:4270661;OriginalHitTemplateId:920937340;","3600","259200","Fri Dec 11 12:50:01 PST 2020","","","3VAR3R6G1RBHCYS1JJ031UFZDYR8OW","A2E0LU8V4EUX5C","Submitted","Fri Dec 04 12:50:09 PST 2020","Fri Dec 04 13:12:01 PST 2020","Mon Dec 07 13:12:01 PST 2020","","","","1312","0% (0/0)","0% (0/0)","0% (0/0)","0","1607115854486","766020"
"3ZXNP4Z39SV2KFMR6KN47TJMKN87L7","3T5H7R2NRDVL4ADFNLS5R4MSF2YWZB","Play a word guessing game.","Watch someone spell out a word by stacking lettered blocks, and guess which word they are spelling. Get bonus payment if you guess correctly!","survey, experiment, psychology, questionnaire, study, game","$2.00","Fri Dec 04 12:50:01 PST 2020","9","BatchId:4270661;OriginalHitTemplateId:920937340;","3600","259200","Fri Dec 11 12:50:01 PST 2020","","","3M1CVSFP62FYGYYWVUCLMQGUIN9AQA","A2PMT4061B1NDP","Submitted","Fri Dec 04 12:50:07 PST 2020","Fri Dec 04 13:23:22 PST 2020","Mon Dec 07 13:23:22 PST 2020","","","","1995","0% (0/0)","0% (0/0)","0% (0/0)","0","1607115177638","681572"
"3ZXNP4Z39SV2KFMR6KN47TJMKN87L7","3T5H7R2NRDVL4ADFNLS5R4MSF2YWZB","Play a word guessing game.","Watch someone spell out a word by stacking lettered blocks, and guess which word they are spelling. Get bonus payment if you guess correctly!","survey, experiment, psychology, questionnaire, study, game","$2.00","Fri Dec 04 12:50:01 PST 2020","9","BatchId:4270661;OriginalHitTemplateId:920937340;","3600","259200","Fri Dec 11 12:50:01 PST 2020","","","35LDD5557CED7W9QFSITZVZLDY6KMC","A3LRZX8477TYYZ","Submitted","Fri Dec 04 14:50:33 PST 2020","Fri Dec 04 15:21:43 PST 2020","Mon Dec 07 15:21:43 PST 2020","","","","1870","0% (0/0)","0% (0/0)","0% (0/0)","0","1607123074097","347317"
"3ZXNP4Z39SV2KFMR6KN47TJMKN87L7","3T5H7R2NRDVL4ADFNLS5R4MSF2YWZB","Play a word guessing game.","Watch someone spell out a word by stacking lettered blocks, and guess which word they are spelling. Get bonus payment if you guess correctly!","survey, experiment, psychology, questionnaire, study, game","$2.00","Fri Dec 04 12:50:01 PST 2020","9","BatchId:4270661;OriginalHitTemplateId:920937340;","3600","259200","Fri Dec 11 12:50:01 PST 2020","","","3FDJT1UU76IFZPOKNT17ITOZR3G5K7","A3RQN5RZD1N2KP","Submitted","Fri Dec 04 12:50:07 PST 2020","Fri Dec 04 13:09:23 PST 2020","Mon Dec 07 13:09:23 PST 2020","","","","1156","100% (2/2)","0% (0/0)","0% (0/0)","0","1607115756133","873573"
"3ZXNP4Z39SV2KFMR6KN47TJMKN87L7","3T5H7R2NRDVL4ADFNLS5R4MSF2YWZB","Play a word guessing game.","Watch someone spell out a word by stacking lettered blocks, and guess which word they are spelling. Get bonus payment if you guess correctly!","survey, experiment, psychology, questionnaire, study, game","$2.00","Fri Dec 04 12:50:01 PST 2020","9","BatchId:4270661;OriginalHitTemplateId:920937340;","3600","259200","Fri Dec 11 12:50:01 PST 2020","","","3YT88D1N0A8CLA1G9ADE3WQFD7P3KF","A90G0G4SJ26BM","Submitted","Fri Dec 04 12:50:09 PST 2020","Fri Dec 04 13:48:25 PST 2020","Mon Dec 07 13:48:25 PST 2020","","","","3496","100% (3/3)","100% (1/1)","0% (0/0)","0","1607118085484","540819"
"3ZXNP4Z39SV2KFMR6KN47TJMKN87L7","3T5H7R2NRDVL4ADFNLS5R4MSF2YWZB","Play a word guessing game.","Watch someone spell out a word by stacking lettered blocks, and guess which word they are spelling. Get bonus payment if you guess correctly!","survey, experiment, psychology, questionnaire, study, game","$2.00","Fri Dec 04 12:50:01 PST 2020","9","BatchId:4270661;OriginalHitTemplateId:920937340;","3600","259200","Fri Dec 11 12:50:01 PST 2020","","","3WMINLGALDDUMXODQCBQ2LRDE9TACS","ADAL2H41ZBWAK","Submitted","Fri Dec 04 16:51:59 PST 2020","Fri Dec 04 17:10:37 PST 2020","Mon Dec 07 17:10:37 PST 2020","","","","1118","0% (0/0)","0% (0/0)","0% (0/0)","0","1607129901627","376454"
"3ZXNP4Z39SV2KFMR6KN47TJMKN87L7","3T5H7R2NRDVL4ADFNLS5R4MSF2YWZB","Play a word guessing game.","Watch someone spell out a word by stacking lettered blocks, and guess which word they are spelling. Get bonus payment if you guess correctly!","survey, experiment, psychology, questionnaire, study, game","$2.00","Fri Dec 04 12:50:01 PST 2020","9","BatchId:4270661;OriginalHitTemplateId:920937340;","3600","259200","Fri Dec 11 12:50:01 PST 2020","","","39OWYR0EPM12LR6QXKF7DDUNEC3FYV","ANBEBF6FLZFY3","Submitted","Fri Dec 04 12:57:52 PST 2020","Fri Dec 04 13:35:27 PST 2020","Mon Dec 07 13:35:27 PST 2020","","","","2255","0% (0/0)","0% (0/0)","0% (0/0)","0","1607117172687","434279"